<?xml version="1.0" encoding="UTF-8"?>
<project-private xmlns="http://www.netbeans.org/ns/project-private/1">
    <editor-bookmarks xmlns="http://www.netbeans.org/ns/editor-bookmarks/2" lastBookmarkId="0"/>
    <open-files xmlns="http://www.netbeans.org/ns/projectui-open-files/2">
        <group>
            <file>file:/C:/Users/Tre'on%20Russell/OneDrive/Documents/NetBeansProjects/MazeRPG/src/mazerpg/Battle.java</file>
            <file>file:/C:/Users/Tre'on%20Russell/OneDrive/Documents/NetBeansProjects/MazeRPG/src/mazerpg/Map.java</file>
            <file>file:/C:/Users/Tre'on%20Russell/OneDrive/Documents/NetBeansProjects/MazeRPG/src/mazerpg/Player.java</file>
            <file>file:/C:/Users/Tre'on%20Russell/OneDrive/Documents/NetBeansProjects/MazeRPG/src/mazerpg/Game.java</file>
            <file>file:/C:/Users/Tre'on%20Russell/OneDrive/Documents/NetBeansProjects/MazeRPG/src/mazerpg/Enemy.java</file>
            <file>file:/C:/Users/Tre'on%20Russell/OneDrive/Documents/NetBeansProjects/MazeRPG/src/mazerpg/MazeRPG.java</file>
        </group>
    </open-files>
</project-private>
